"FileName","Hash","Size"
"20260506125411625.pdf","AA2B4E40B09B97DAF61EC43F468C5CF714A2182978C9A5D094763F162885AE8F","1,348.84 KB"
"20260506125411625_1.pdf","AA2B4E40B09B97DAF61EC43F468C5CF714A2182978C9A5D094763F162885AE8F","1,348.84 KB"
"20260506125438529.pdf","820C2D2E4E296A028F8DA28A88DCC8043653CE36882DBAFFDD39B202B1487BE2","436.66 KB"
"20260506125438529_1.pdf","820C2D2E4E296A028F8DA28A88DCC8043653CE36882DBAFFDD39B202B1487BE2","436.66 KB"
"20260506125445424.pdf","04DF2D66BC0F1F81BAB400E56655B8B5E9C3EEFFE90C0C1A2271ABE2606A24EF","438.29 KB"
"20260506125445424_1.pdf","04DF2D66BC0F1F81BAB400E56655B8B5E9C3EEFFE90C0C1A2271ABE2606A24EF","438.29 KB"
"20260506125609132.pdf","8A5C794407054DC85C26F4D6D1E48CFC26D808E2879E3DC0219CEF9B8D578C74","4,966.33 KB"
"20260506125609132_1.pdf","8A5C794407054DC85C26F4D6D1E48CFC26D808E2879E3DC0219CEF9B8D578C74","4,966.33 KB"
"20260506125625321.pdf","FDFDAAA514603A1AC1DDD8B6CDC27735C7D09D84B36501E03AE61C3AD2871A1D","362.09 KB"
"20260506125625321_1.pdf","FDFDAAA514603A1AC1DDD8B6CDC27735C7D09D84B36501E03AE61C3AD2871A1D","362.09 KB"
"20260506130041823.pdf","2706E8B9093DC7E797D069850F0A1664458CCB30A580440BC6E1991B1CB61360","4,393.87 KB"
"20260506130041823_1.pdf","2706E8B9093DC7E797D069850F0A1664458CCB30A580440BC6E1991B1CB61360","4,393.87 KB"
"20260506130135982.pdf","3B8213E80D60531F5C79D402C59E5FB10FC8550465AB5B2AA480809A270BD0DF","4,668.91 KB"
"20260506130253606.pdf","7BF451B455E4D55663C84B00CEFD171E42FE3DAA7B04252225D80EB8657B90F9","3,737.18 KB"
"20260506130340462.pdf","DA973BB9EB199901406F57CD2BC490EC66EBFB68154019ED3F98E85ACF340A6F","1,717.08 KB"
"20260506130504631.pdf","5D889FD23B0C0E27E628887F0521992CD86DD1BB43E5C7B216AA8CFAD5BF0105","5,509.90 KB"
"20260506130618561.pdf","C79D9BFF660642C590AD1A0C163B202B862AE87C7819068FF046959EFB8522AF","351.44 KB"
"20260506130823919.pdf","C890DD70F6F0EF5A0BFC01913A6E840BD13B07602107265E420B830933408279","264.62 KB"
"20260506130851321.pdf","65A4C36A33A93D2A52E9A6C4472306497C5CDD0BDB0EC83C2303627D473923ED","416.18 KB"
"20260506132409187.pdf","218880D72DCBC9D8764DDF513F85C9156302C83A932DF61A5074993E2EBECD97","3,995.74 KB"
"20260506132900166.pdf","E576299B8DF2F6C8721B59C60DF9C3C3F0337D34F5BB0763AD0B5A9A8B7038A2","7,933.98 KB"
"20260506133058624.pdf","D6D1260490FFF2B130C06E4902B94094F6BD16C176723DFA432F95134C143BB5","3,769.21 KB"
"20260506133151440.pdf","4D8FBC9D3DCBC2FE62DB6C03911D44D18CDB7895CE6B35A411E21CD68B680B49","1,070.68 KB"
"20260506133203133.pdf","3E3C576A7D187E4A19F93CF86F8BD674DEC03F836382E755ECFB6418F2DEDC72","992.73 KB"
"20260506133203133_1.pdf","3E3C576A7D187E4A19F93CF86F8BD674DEC03F836382E755ECFB6418F2DEDC72","992.73 KB"
"identity-certificate.pdf","BB5997D97D76CAB52EF1FB4C16E1AA411C19024D33074D6D2BE1D16D5E048A0E","40.99 KB"
"Outlook_8.pdf","2EABF76CE84B3E8C5162793DEAC1FF0F06DA0D2A02B4FC78A9228F0B9ABDF1FD","45.62 KB"
"tw571ryb.pdf","264A8E59E2FC56819FE7C65C41BB656376339A06378B5EAE9A8E8E11E071814D","85.46 KB"
"UN_CAT_Notice_Audit_TI-ULA (1).pdf","81C1861E95704C0920106CEAFE78016495A7F3FA73B34A484A6CD2848ED369B3","210.86 KB"
"UN_CAT_Notice_Audit_TI-ULA.pdf","81C1861E95704C0920106CEAFE78016495A7F3FA73B34A484A6CD2848ED369B3","210.86 KB"
